{"cameraMode":{"drawMode":0,"name":"Shaded","section":"Shading Mode"},"sceneLighting":false,"audioPlay":false,"sceneViewState":{"showFog":true,"showMaterialUpdate":false,"showSkybox":false,"showFlares":true,"showImageEffects":true,"showParticleSystems":true},"in2DMode":false,"pivot":{"x":-1.6925053596496583,"y":24.132545471191408,"z":-95.76042175292969},"rotation":{"x":-0.11528781056404114,"y":-0.7796153426170349,"z":0.15059007704257966,"w":-0.5968518257141113},"size":13.535085678100586,"orthographic":false}